COD_UE;DEPARTAMENTO;PROVINCIA;DISTRITO;LATITUD;LONGITUD
879;MADRE DE DIOS;TAHUAMANU;TAHUAMANU;-11.867186;-69.137744
884;MOQUEGUA;MARISCAL NIETO;CARUMAS;-16.824382;-70.678628
1645;HUANCAVELICA;TAYACAJA;PAMPAS;-12.483316;-74.851399
919;PUNO;PUNO;PLATERIA;-16.060205;-69.871908
1223;ICA;ICA;PACHACUTEC;-14.152347;-75.691143
1014;ICA;CHINCHA;EL CARMEN;-13.549620;-76.114068
1654;CAJAMARCA;SAN IGNACIO;LA COIPA;-5.431870;-78.945930
1247;HUANUCO;HUANUCO;QUISQUI;-9.905719;-76.388902
1362;AYACUCHO;HUAMANGA;CARMEN ALTO;-13.182061;-74.219985
827;JUNIN;TARMA;TARMA;-11.468476;-75.686224
1046;AYACUCHO;PAUCAR DEL SARA SARA;SAN JOSE DE USHUA;-15.224943;-73.226915
920;PUNO;CHUCUITO;ZEPITA;-16.421401;-69.084193
968;PUNO;EL COLLAO;CAPASO;-17.182888;-69.744257
970;TACNA;TACNA;TACNA;-18.015160;-70.255243
1622;TACNA;TACNA;PALCA;-17.529692;-69.580678
918;PUNO;HUANCANE;ROSASPATA;-15.152932;-69.419457
1025;AYACUCHO;LUCANAS;CABANA;-14.287659;-73.966230
1648;HUANCAVELICA;HUANCAVELICA;YAULI;-12.777584;-74.762825
1007;PUNO;SANDIA;SAN JUAN DEL ORO;-14.219371;-69.153756
1015;ICA;NAZCA;NAZCA;-14.827390;-74.942657
967;PUNO;YUNGUYO;ANAPIA;-16.317877;-68.854838
889;PASCO;DANIEL ALCIDES CARRION;SANTA ANA DE TUSI;-10.545288;-76.337229
1006;PUNO;CARABAYA;SAN GABAN;-13.315435;-70.307995
1759;PUNO;SAN ANTONIO DE PUTINA;ANANEA;-14.677650;-69.541158
1457;ICA;PALPA;PALPA;-14.530893;-75.183533
826;JUNIN;JAUJA;JULCAN;-11.761455;-75.436796
1675;HUANUCO;PUERTO INCA;HONORIA;-8.660940;-74.800060
1621;PUNO;LAMPA;CABANILLA;-15.580532;-70.297795
1196;ICA;ICA;ICA;-14.056812;-75.729817
1195;ICA;PISCO;INDEPENDENCIA;-13.693170;-76.024822
1685;LIMA;LIMA;CHORRILLOS;-12.159270;-77.020013
788;CAJAMARCA;JAEN;JAEN;-5.867259;-78.927472
725;AMAZONAS;RODRIGUEZ DE MENDOZA;VISTA ALEGRE;-6.349642;-77.323931
1222;AREQUIPA;AREQUIPA;CERRO COLORADO;-16.345008;-71.599947
1292;LIMA;HUARAL;ATAVILLOS ALTO;-11.235843;-76.655338
1684;LIMA;LIMA;COMAS;-11.918678;-77.025828
785;CAJAMARCA;CAJAMARCA;CAJAMARCA;;
1647;HUANCAVELICA;ANGARAES;LIRCAY;-13.135878;-74.676200
1671;CAJAMARCA;SANTA CRUZ;YAUYUCAN;-6.722112;-78.839153
1404;LIMA;HUAROCHIRI;CALLAHUANCA;-11.827730;-76.620340
500256;PIURA;SULLANA;SULLANA;-4.898424;-80.687100
1300;HUANCAVELICA;CHURCAMPA;PACHAMARCA;-12.525760;-74.516946
1646;HUANCAVELICA;ACOBAMBA;MARCAS;-12.870298;-74.333473
1662;CAJAMARCA;HUALGAYOC;HUALGAYOC;-6.706753;-78.618250
950;UCAYALI;PADRE ABAD;NESHUYA;-8.639854;-74.964487
1321;AYACUCHO;HUANTA;SANTILLANA;-12.625577;-74.195555
1059;SAN MARTIN;BELLAVISTA;BAJO BIAVO;-7.236299;-76.255958
830;JUNIN;JUNIN;CARHUAMAYO;-10.918516;-76.051539
1285;LIMA;CANTA;CANTA;-11.521742;-76.644820
1286;LIMA;HUAURA;SAYAN;-11.218718;-77.311470
1422;LAMBAYEQUE;CHICLAYO;CHICLAYO;-6.761813;-79.863203
1489;AYACUCHO;LA MAR;CHUNGUI;-13.274732;-73.611317
1686;LIMA;LIMA;ATE;-12.069480;-76.978916
787;CAJAMARCA;CUTERVO;SOCOTA;-6.232293;-78.654123
1454;HUANUCO;HUAMALIES;TANTAMAYO;-9.397958;-76.703854
1341;UCAYALI;PADRE ABAD;IRAZOLA;-9.115980;-75.251240
1497;APURIMAC;CHINCHEROS;RANRACANCHA;-13.520302;-73.564052
786;CAJAMARCA;CHOTA;LAJAS;-6.560252;-78.739119
470;TACNA;TACNA;CORONEL GREGORIO ALBARRACIN L.;-18.024643;-70.235647
740;ANCASH;HUARAZ;INDEPENDENCIA;-9.551784;-77.568410
746;ANCASH;HUARI;PONTO;-9.356326;-77.017096
845;LA LIBERTAD;TRUJILLO;TRUJILLO;-8.115249;-79.027689
823;JUNIN;HUANCAYO;HUANCAYO;-12.055296;-75.254646
900;PIURA;PIURA;LAS LOMAS;-4.659668;-80.348371
891;PASCO;OXAPAMPA;POZUZO;-9.849315;-75.581653
1664;AMAZONAS;CONDORCANQUI;RIO SANTIAGO;-3.739122;-77.836299
930;SAN MARTIN;BELLAVISTA;BAJO BIAVO;-7.132922;-76.166522
854;LA LIBERTAD;TRUJILLO;HUANCHACO;-8.091692;-79.075390
1660;UCAYALI;CORONEL PORTILLO;CALLERIA;-8.323312;-74.501210
952;UCAYALI;CORONEL PORTILLO;YARINACOCHA;-8.392862;-74.582617
1129;CUSCO;ESPINAR;ESPINAR;-14.789585;-71.412125
1026;PIURA;MORROPON;BUENOS AIRES;-5.223433;-80.025824
871;LORETO;ALTO AMAZONAS;BALSAPUERTO;-5.876444;-76.355977
870;LORETO;MAYNAS;BELEN;-3.766525;-73.264274
132;LIMA;LIMA;EL AGUSTINO;-12.039969;-76.992582
829;JUNIN;SATIPO;SATIPO;-11.131735;-74.451969
1138;LIMA;LIMA;LURIGANCHO;-11.934195;-76.693495
1498;APURIMAC;GRAU;MARISCAL GAMARRA;-13.839938;-72.577815
1500;APURIMAC;COTABAMBAS;COYLLURQUI;-13.862319;-72.398673
1391;LORETO;DATEM DEL MARA?ON;PASTAZA;-4.316526;-76.706194
1302;HUANCAVELICA;HUAYTARA;SANTIAGO DE CHOCORVOS;-13.858010;-75.186680
1172;MOQUEGUA;ILO;ILO;-17.652684;-71.336348
810;HUANUCO;HUANUCO;HUANUCO;-9.930784;-76.237222
860;LAMBAYEQUE;CHICLAYO;OYOTUN;-6.849787;-79.352660
1738;LA LIBERTAD;PATAZ;SANTIAGO DE CHALLAS;-8.425768;-77.388010
851;LA LIBERTAD;SANCHEZ CARRION;HUAMACHUCO;-7.757082;-78.004592
1667;CALLAO;CALLAO;BELLAVISTA;-12.062690;-77.133206
1714;LORETO;LORETO;TROMPETEROS;-3.692648;-75.583932
1316;CALLAO;CALLAO;BELLAVISTA;-12.061717;-77.106338
1224;JUNIN;HUANCAYO;CHILCA;-12.077035;-75.205151
1350;AMAZONAS;UTCUBAMBA;JAMALCA;-5.821601;-78.274916
1615;JUNIN;CHUPACA;SAN JUAN DE YSCOS;-12.098853;-75.293664
1672;LORETO;UCAYALI;SARAYACU;-6.031940;-74.853408
824;JUNIN;HUANCAYO;HUANCAYO;-12.073140;-75.221741
812;HUANUCO;HUANUCO;HUANUCO;-9.927724;-76.236454
1110;HUANUCO;LEONCIO PRADO;DANIEL ALOMIA ROBLES;-9.175110;-75.888640
828;JUNIN;CHANCHAMAYO;VITOC;-11.294147;-75.327742
1407;LORETO;ALTO AMAZONAS;YURIMAGUAS;-5.887722;-76.113332
1612;JUNIN;CHANCHAMAYO;PICHANAQUI;-10.992033;-74.939889
1301;HUANCAVELICA;CASTROVIRREYNA;HUACHOS;-13.249088;-75.533747
1060;SAN MARTIN;TOCACHE;SHUNTE;-8.352228;-76.729592
1287;LIMA;CA?ETE;IMPERIAL;-13.053107;-76.350453
940;TUMBES;TUMBES;TUMBES;-3.562424;-80.456153
1455;HUANUCO;DOS DE MAYO;PACHAS;-9.620942;-76.758772
769;AREQUIPA;CASTILLA;TIPAN;-15.706325;-72.508457
1348;CUSCO;ANTA;ZURITE;-13.456067;-72.255726
1666;CUSCO;CHUMBIVILCAS;SANTO TOMAS;-14.448405;-72.084612
1502;APURIMAC;AYMARAES;COTARUSE;-14.550102;-73.360725
916;PUNO;AZANGARO;ARAPA;-15.044986;-70.064349
915;PUNO;LAMPA;PUCARA;-14.984130;-70.407458
1306;PIURA;PIURA;VEINTISEIS DE OCTUBRE;-5.183767;-80.665607
899;PIURA;PIURA;PIURA;-5.186350;-80.631382
1130;CUSCO;CUSCO;CUSCO;-13.523148;-71.955713
1322;CUSCO;QUISPICANCHI;CCARHUAYO;-13.596487;-71.399580
917;PUNO;LAMPA;CALAPUJA;-15.314006;-70.219569
1170;CUSCO;LA CONVENCION;SANTA TERESA;-13.331552;-72.718720
1347;CUSCO;LA CONVENCION;VILLA VIRGEN;-13.001395;-73.512381
1045;AYACUCHO;VICTOR FAJARDO;SARHUA;-13.631892;-74.343557
1499;APURIMAC;ANTABAMBA;OROPESA;-14.262784;-72.559031
1169;CUSCO;CUSCO;SANTIAGO;-13.530837;-71.975584
1501;APURIMAC;ANTABAMBA;JUAN ESPINOZA MEDRANO;-14.416882;-72.932192
1117;PIURA;PAITA;PAITA;-5.090815;-81.091531
1625;CUSCO;CANCHIS;SICUANI;-14.265625;-71.228777
1696;HUANUCO;PACHITEA;CHAGLLA;-9.841516;-75.902253
852;LA LIBERTAD;SANTIAGO DE CHUCO;SANTIAGO DE CHUCO;-8.326645;-78.344490
472;PIURA;TALARA;PARI?AS;-4.581594;-81.260788
1740;HUANUCO;YAROWILCA;APARICIO POMARES;-9.673677;-76.655430
1613;JUNIN;SATIPO;PANGOA;-11.427869;-74.490952
766;AREQUIPA;AREQUIPA;AREQUIPA;-16.401595;-71.528378
744;ANCASH;YUNGAY;YUNGAY;-9.101278;-77.712446
1537;ANCASH;SANTA;CHIMBOTE;-9.088430;-78.570410
768;AREQUIPA;CAMANA;NICOLAS DE PIEROLA;-16.572664;-72.715092
1695;HUANUCO;AMBO;AMBO;-10.127779;-76.206629
741;ANCASH;HUARAZ;HUARAZ;-9.534568;-77.529311
1490;AYACUCHO;LA MAR;SANTA ROSA;-12.685778;-73.735540
755;APURIMAC;ABANCAY;ABANCAY;-13.631724;-72.871117
756;APURIMAC;ANDAHUAYLAS;CHIARA;-13.890985;-73.585651
1744;CAJAMARCA;CAJABAMBA;CONDEBAMBA;-7.575341;-78.070521
1712;CAJAMARCA;CAJAMARCA;MAGDALENA;-7.213976;-78.632315
998;AMAZONAS;CHACHAPOYAS;CHACHAPOYAS;-6.230793;-77.866165
955;AMAZONAS;BAGUA;IMAZA;-5.040608;-78.429239
848;LA LIBERTAD;TRUJILLO;TRUJILLO;-8.114663;-79.028438
1047;CAJAMARCA;JAEN;JAEN;-5.706214;-78.804711
1683;LIMA;LIMA;SAN JUAN DE LURIGANCHO;-12.004129;-76.995582
141;LIMA;LIMA;SAN JUAN DE MIRAFLORES;-12.160577;-76.959102
1289;LIMA;BARRANCA;PARAMONGA;-10.488205;-77.748803
149;LIMA;LIMA;LIMA;-12.049918;-77.042361
124;LIMA;LIMA;LIMA;-12.051804;-77.055019
1317;CALLAO;CALLAO;BELLAVISTA;;
1318;CALLAO;CALLAO;CARMEN DE LA LEGUA-REYNOSO;-12.042734;-77.098462
1216;LIMA;LIMA;SAN JUAN DE LURIGANCHO;-11.966577;-77.003057
1616;LA LIBERTAD;JULCAN;CALAMARCA;-8.171973;-78.409941
853;LA LIBERTAD;OTUZCO;OTUZCO;-7.905291;-78.565079
1175;UCAYALI;ATALAYA;RAIMONDI;-8.235605;-74.687549
1058;SAN MARTIN;RIOJA;ELIAS SOPLIN VARGAS;-6.031180;-77.287142
144;LIMA;LIMA;LIMA;;
127;LIMA;LIMA;LIMA;-12.052916;-77.022172
123;LIMA;LIMA;LIMA;-12.046230;-77.015690
1235;LIMA;LIMA;SURQUILLO;-12.111791;-76.999149
1528;LIMA;LIMA;ATE;-12.015889;-76.820118
146;LIMA;LIMA;MIRAFLORES;-12.128106;-77.017738
1617;LA LIBERTAD;VIRU;CHAO;-8.512443;-78.679840
1619;LA LIBERTAD;GRAN CHIMU;SAYAPULLO;-7.554174;-78.442273
1400;SAN MARTIN;SAN MARTIN;TARAPOTO;-6.494531;-76.348745
1452;CALLAO;CALLAO;VENTANILLA;-11.872983;-77.125724
1618;LA LIBERTAD;ASCOPE;CASA GRANDE;-7.744183;-79.194582
522;LIMA;LIMA;PUENTE PIEDRA;-11.863181;-77.079335
137;LIMA;LIMA;SAN MARTIN DE PORRES;-12.022022;-77.054497
136;LIMA;LIMA;COMAS;-11.913834;-77.039518
1290;LIMA;HUARAL;CHANCAY;-11.560820;-77.270580
1421;ANCASH;HUARMEY;HUARMEY;-10.055462;-78.159814
745;ANCASH;SIHUAS;CASHAPAMPA;-8.596780;-77.655501
765;AREQUIPA;ISLAY;ISLAY;-16.999742;-72.097925
901;PIURA;SULLANA;SULLANA;-4.896423;-80.694776
1037;APURIMAC;ABANCAY;ABANCAY;-13.640346;-72.881981
1291;LIMA;CA?ETE;ASIA;-12.799569;-76.567166
125;LIMA;LIMA;CHORRILLOS;-12.192207;-77.003301
1282;LA LIBERTAD;TRUJILLO;TRUJILLO;-8.134291;-79.019477
1067;MADRE DE DIOS;TAMBOPATA;TAMBOPATA;-12.592678;-69.177501
1539;CAJAMARCA;CHOTA;CHOTA;-6.561592;-78.654027
850;LA LIBERTAD;PACASMAYO;SAN JOSE;-7.334023;-79.488368
849;LA LIBERTAD;CHEPEN;CHEPEN;-7.221988;-79.435284
1626;CUSCO;LA CONVENCION;SANTA ANA;-12.864567;-72.690712
1627;HUANCAVELICA;TAYACAJA;PAMPAS;-12.402288;-74.866467
914;PUNO;PUNO;PUNO;-15.835373;-70.014816
817;ICA;ICA;ICA;-14.080671;-75.733319
739;ANCASH;HUARAZ;HUARAZ;;
935;TACNA;TACNA;TACNA;;
1436;TUMBES;TUMBES;TUMBES;-3.573433;-80.419474
1101;AMAZONAS;BAGUA;BAGUA;-5.639516;-78.530752
774;AYACUCHO;HUAMANGA;AYACUCHO;-13.150418;-74.224726
803;HUANCAVELICA;HUANCAVELICA;HUANCAVELICA;-12.786198;-74.976402
1670;LIMA;LIMA;VILLA EL SALVADOR;-12.232600;-76.933667
1731;JUNIN;CHANCHAMAYO;CHANCHAMAYO;-11.073883;-75.337590
1116;PIURA;MORROPON;CHULUCANAS;-5.103001;-80.170765
1000;HUANCAVELICA;HUANCAVELICA;HUANCAVELICA;-12.787235;-74.981037
1657;AREQUIPA;CAYLLOMA;MAJES;-16.320919;-72.221190
1512;LIMA;LIMA;SAN BORJA;-12.085379;-76.991937
126;LIMA;LIMA;BRE?A;-12.065479;-77.045987
847;LA LIBERTAD;TRUJILLO;TRUJILLO;-8.104661;-79.036878
121;LIMA;LIMA;SAN MARTIN DE PORRES;-12.019918;-77.055435
951;UCAYALI;CORONEL PORTILLO;CALLERIA;-8.376939;-74.531126
148;LIMA;LIMA;MAGDALENA DEL MAR;-12.098705;-77.065756
1394;MOQUEGUA;MARISCAL NIETO;MOQUEGUA;-17.186359;-70.927546
872;LORETO;MAYNAS;IQUITOS;-3.761678;-73.253890
117;LIMA;LIMA;JESUS MARIA;-12.082139;-77.047078
1217;LIMA;LIMA;ATE;-12.026042;-76.919904
1038;APURIMAC;ANDAHUAYLAS;ANDAHUAYLAS;-13.657774;-73.381991
767;AREQUIPA;AREQUIPA;AREQUIPA;-16.415670;-71.533140
143;LIMA;LIMA;LIMA;-12.049845;-77.042560
1052;ICA;ICA;ICA;-14.073575;-75.743367
1435;PUNO;PUNO;PUNO;-15.841853;-70.021567
743;ANCASH;SANTA;CHIMBOTE;-9.075623;-78.601777
1001;LAMBAYEQUE;CHICLAYO;CHICLAYO;-6.772542;-79.842827
890;PASCO;PASCO;YANACANCHA;-10.668265;-76.252067
147;LIMA;LIMA;LA VICTORIA;-12.058171;-77.021729
1320;AREQUIPA;AREQUIPA;AREQUIPA;-16.414922;-71.530493
1002;LAMBAYEQUE;LAMBAYEQUE;LAMBAYEQUE;-6.702392;-79.902523
811;HUANUCO;LEONCIO PRADO;LUYANDO;-9.271063;-75.987773
145;LIMA;LIMA;PUEBLO LIBRE;-12.071988;-77.061040
1735;JUNIN;CONCEPCION;CONCEPCION;-11.904883;-75.324999
133;LIMA;LIMA;SANTA ANITA;-12.046827;-76.945498
874;LORETO;MAYNAS;PUNCHANA;-3.726960;-73.253417
1003;MADRE DE DIOS;TAMBOPATA;TAMBOPATA;-12.601362;-69.183088
742;ANCASH;SANTA;NUEVO CHIMBOTE;;
825;JUNIN;HUANCAYO;HUANCAYO;-12.070161;-75.214222
846;LA LIBERTAD;TRUJILLO;TRUJILLO;-8.113073;-79.048418
999;CAJAMARCA;CAJAMARCA;CAJAMARCA;-7.183407;-78.487692
1547;CUSCO;ESPINAR;ESPINAR;-14.790641;-71.404066
1746;LIMA;LIMA;ATE;-12.026134;-76.917309
798;CUSCO;CUSCO;WANCHAQ;-13.524667;-71.965860
1024;AYACUCHO;HUAMANGA;ANDRES AVELINO CACERES D.;-13.163944;-74.199684
1772;LIMA;LIMA;LIMA;-12.072667;-77.036345
1288;LIMA;CA?ETE;SAN LUIS;-13.060106;-76.421093
138;LIMA;LIMA;CHORRILLOS;-12.175148;-77.009987
